Imperishable,Stylist - Stylo feutre rouge,1.49,95,Autre,null
Perishable,Lait demi-écrémé stérilisé UHT,1.99,200,ALIMENTAIRE,2023-01-15
Perishable,Capsules de Café Expresso,5.49,30,ALIMENTAIRE,2023-02-28
Perishable,Capsules de Café Lungo,5.49,30,ALIMENTAIRE,2023-03-10
Perishable,Capsules de Café Classico,5.49,30,ALIMENTAIRE,2023-04-05
Perishable,Capsules de Café Décafeinato,5.49,30,ALIMENTAIRE,2023-05-20
Perishable,Infusion des 2 marmottes aux 7 plantes,3.99,20,ALIMENTAIRE,2023-06-11
Perishable,Infusion au Thym,3.99,20,ALIMENTAIRE,2023-07-03
Perishable,Ricoré - Café chicorée solubles,4.49,50,ALIMENTAIRE,2023-09-14
Perishable,N°11 - Capsules de Café pur Arabica,6.99,20,ALIMENTAIRE,2023-10-04
Perishable,Boisson aux amandes,2.49,1,ALIMENTAIRE,2023-11-23
Perishable,Senseo - Dosettes de Café Cappuccino,4.99,10,ALIMENTAIRE,2023-12-17
Perishable,Eponge grattante verte XXL,1.99,5,PRODUIT_ENTRETIEN,2024-01-22
Perishable,Espresso Lungo Mattinata - Capsule de Café en aluminium,6.49,20,ALIMENTAIRE,2024-02-05
Perishable,L'Or Espresso - Capsule de Café Colombie,6.49,20,ALIMENTAIRE,2024-03-08
Perishable,Espresso Papouasie - Capsule de Café en aluminium,6.49,20,ALIMENTAIRE,2024-04-29
Perishable,Spécial filtre - Café noir moulu Fine mousse,4.99,250,ALIMENTAIRE,2024-05-12
Perishable,Cappucino Noisette,3.99,10,ALIMENTAIRE,2024-06-30
Perishable,Special Filtre - Café en Sticks,4.49,100,ALIMENTAIRE,2024-07-19
Perishable,Thé vert Détox saveur Orange sanguine,3.49,20,ALIMENTAIRE,2024-08-09
Perishable,Tisane Après-repas,2.99,15,ALIMENTAIRE,2024-09-27
Perishable,Chocolat en poudre,2.99,200,ALIMENTAIRE,2024-10-14
Perishable,Tout en 1 - Tablettes lave-vaisselle hydrofilm,5.99,30,PRODUIT_ENTRETIEN,2024-11-05
Perishable,Citron vert pièce Cat 1,0.79,10,FRUIT,2024-12-26
Perishable,Secrets de Cuisinier - Liquide vaisselle Bicarbonate Zeste de Citron,2.49,1,PRODUIT_ENTRETIEN,2025-01-02
Perishable,Thé Earl Grey au Citron,3.49,20,ALIMENTAIRE,2025-02-18
Perishable,Thé Earl Grey à la Bergamote,3.49,20,ALIMENTAIRE,2025-03-07
Perishable,Velouté de Potirons et Carottes,3.99,10,ALIMENTAIRE,2025-04-19
Perishable,Infusion Brûleur de graisses à la Vanille,3.99,20,ALIMENTAIRE,2025-05-03
Perishable,Secrets de Vinaigre - Liquide vaisselle Framboise Groseille,2.49,1,PRODUIT_ENTRETIEN,2025-06-24
Perishable,Lait bio demi-écrémé UHT,2.49,200,ALIMENTAIRE,2025-07-16
Perishable,Lait demi-écrémé UHT,2.29,200,ALIMENTAIRE,2025-08-05
Perishable,GrandLait - Lait demi-écrémé,2.99,200,ALIMENTAIRE,2025-09-12
Perishable,Capsules de Café Fortissimo,6.99,30,ALIMENTAIRE,2025-11-27
Perishable,Gel concentré Tout en 1,5.99,30,PRODUIT_ENTRETIEN,2025-12-20
Perishable,Tout en 1 - Tablettes lave-vaisselle Citron hydrofilm,5.99,30,PRODUIT_ENTRETIEN,2026-01-08
Perishable,Caffé Del Bar - Dosettes de Café,5.49,20,ALIMENTAIRE,2026-02-04
Perishable,Secrets de Vinaigre - Liquide vaisselle Pomme Poire,2.49,1,PRODUIT_ENTRETIEN,2026-03-23
Perishable,Espresso Intenso - Café instantané Pur Arabica,4.99,50,ALIMENTAIRE,2026-04-15
Perishable,Brazil - Café moulu Arabica en dosettes,4.49,20,ALIMENTAIRE,2026-05-06
Perishable,L'Or - Café en grains Arabica,6.99,250,ALIMENTAIRE,2026-06-30
Perishable,L'Or - Café en grains Perle du Brésil,6.99,250,ALIMENTAIRE,2026-07-11
Perishable,Cuba - Capsules de Café Cuba,5.49,20,ALIMENTAIRE,2026-08-29
Perishable,N°13 - Capsules de Café Espresso,5.49,20,ALIMENTAIRE,2026-09-03
Perishable,Noir Ultime - Dosettes de Café Arabica,4.99,10,ALIMENTAIRE,2026-10-25
Perishable,Noir Exquis - Dosettes de Café Arabica intense,4.99,10,ALIMENTAIRE,2026-11-09
Perishable,Café moulu du Perou pur Arabica,4.99,250,ALIMENTAIRE,2026-12-31
Perishable,Pastilles lave-vaisselle citron,3.99,40,PRODUIT_ENTRETIEN,2027-01-16
Perishable,Kiwi jaune bio Cat 1,1.29,10,FRUIT,2027-02-14
Perishable,Secrets de Sels - Liquide vaisselle Sels Minéraux,2.49,1,PRODUIT_ENTRETIEN,2027-03-11
Perishable,Tout en 1 - Gel pour lave-vaisselle Turbo,5.99,30,PRODUIT_ENTRETIEN,2027-04-18
Perishable,Tout en 1 - Tablettes pour lave-vaisselle,5.99,30,PRODUIT_ENTRETIEN,2027-05-08
Perishable,Tout en 1 - Pastilles lave-vaisselle hydrosolubles,5.99,30,PRODUIT_ENTRETIEN,2027-06-21
Perishable,Capsules de Café Amérique du Sud,5.49,20,ALIMENTAIRE,2027-07-28
Perishable,Capsules de Café Asie,5.49,20,ALIMENTAIRE,2027-08-25
Perishable,Raisin noir Prima Cat 1,2.49,10,FRUIT,2027-09-10
Perishable,Infusion Brûle graisse au Thé vert,3.99,20,ALIMENTAIRE,2027-10-22
Perishable,Grandlait - Lait demi-écrémé sans lactose,2.99,200,ALIMENTAIRE,2027-11-19
Perishable,GrandLait - Lait bio demi-écrémé,2.79,200,ALIMENTAIRE,2027-12-05
Perishable,Café classique en dosettes,4.49,10,ALIMENTAIRE,2028-01-19
Perishable,Café corsé en dosettes,4.49,10,ALIMENTAIRE,2028-02-03
Perishable,Café moulu en capsules - Capsules de Café Corsé biodégradables,5.99,30,ALIMENTAIRE,2028-03-29
Perishable,Capsules de Café Déca biodégradables,5.99,30,ALIMENTAIRE,2028-04-25
Perishable,Capsules de Café Délicat biodégradables,5.99,30,ALIMENTAIRE,2028-05-04
Perishable,La Rhubarbe à Papa - Infusion Fraise Framboise et Rhubarbe,3.99,20,ALIMENTAIRE,2028-06-06
Perishable,Thé vert,3.49,20,ALIMENTAIRE,2028-07-12
Perishable,Infusion Défenses naturelles,3.49,20,ALIMENTAIRE,2028-08-19
Perishable,Dolce Gusto - Dosettes de Café décaffeinato,4.99,10,ALIMENTAIRE,2028-09-20
Perishable,Capsules infusion verveine menthe fraîche,3.49,10,ALIMENTAIRE,2028-10-11
Perishable,Capsules de Thé vert Marrakech Mint,3.49,10,ALIMENTAIRE,2028-11-15
Perishable,Capsules de Thé noir Finest Earl Grey,3.49,10,ALIMENTAIRE,2028-12-08
Perishable,Capsules de Thé Noir aux fruits rouges,3.49,10,ALIMENTAIRE,2029-01-28
Perishable,Infusion après repas,3.49,20,ALIMENTAIRE,2029-02-23
Perishable,Radio CD Cars,29.99,5,Jouet,2029-03-18
Perishable,Boisson à la noisette,2.49,1,ALIMENTAIRE,2029-05-22
Perishable,Calcium - Boisson nature à l'Avoine,2.49,1,ALIMENTAIRE,2029-06-03
Perishable,Lait bio entier UHT,2.79,200,ALIMENTAIRE,2029-07-26
Perishable,Lait bio entier,2.79,200,ALIMENTAIRE,2029-08-07
Perishable,Thé vert aromatisé à la Menthe,3.49,20,ALIMENTAIRE,2029-09-05
Perishable,Thé noir,3.49,20,ALIMENTAIRE,2029-10-29
Perishable,Lait de chèvre demi-écrémé,3.49,200,ALIMENTAIRE,2029-11-20
Perishable,Expert Extra Power - Gel lave-vaisselle tout en 1,6.99,30,PRODUIT_ENTRETIEN,2029-12-01
Perishable,Expert Extra Shine,6.99,30,PRODUIT_ENTRETIEN,2030-01-24
Perishable,Café pur Arabica Ethiopie bio,7.49,50,ALIMENTAIRE,2030-02-12
Perishable,Classic - Poudre de lavage lave-vaisselle,4.99,40,PRODUIT_ENTRETIEN,2030-03-31
Perishable,Liquide vaisselle Basilic Thym,2.49,1,PRODUIT_ENTRETIEN,2030-04-03
Perishable,Banane Cavendisch Cat 1,0.79,10,FRUIT,2030-05-28
Perishable,Café pur Arabica Guatemala bio,7.49,50,ALIMENTAIRE,2030-06-09
Perishable,Gratounett' Stop-Graisse - Eponge grattante,1.99,5,PRODUIT_ENTRETIEN,2030-07-02
Perishable,Powerball Quantum - Tablettes lave-vaisselle,5.99,30,PRODUIT_ENTRETIEN,2030-08-15
Perishable,Dosettes de Café Expresso,4.49,10,ALIMENTAIRE,2030-09-23
Perishable,Maxi dosettes de café Extra long classique,4.49,10,ALIMENTAIRE,2030-10-01
Perishable,Café Arabica Pérou bio,6.99,50,ALIMENTAIRE,2030-11-12
Perishable,Café Arabica Mexique bio,6.99,50,ALIMENTAIRE,2030-12-07
Perishable,Nesquik - Chocolat en poudre goût Noisette,3.99,200,ALIMENTAIRE,2031-01-09
Perishable,Dosettes de Café Colombia,4.49,10,ALIMENTAIRE,2031-02-16
Perishable,Capsules de Café Espresso Colombie,4.49,10,ALIMENTAIRE,2031-03-25
Perishable,Thé Yellow noir,3.49,20,ALIMENTAIRE,2031-04-12
Perishable,Éponges grattantes ultra efficaces vaisselle,1.99,5,PRODUIT_ENTRETIEN,2031-05-19
Perishable,L'Or Espresso - Dosettes de Café Splendente,6.49,20,ALIMENTAIRE,2031-06-15
Perishable,L'Or Espresso - Dosettes de café Decaffeinato,6.49,20,ALIMENTAIRE,2031-07-07
Perishable,Thé noir aromatisé Lady Lipton,3.49,20,ALIMENTAIRE,2031-08-02
Perishable,L'Or Espresso - Dosettes de Café Delizioso,6.49,20,ALIMENTAIRE,2031-09-17
Perishable,Exclusive Or - Thé noir de Ceylan,3.99,20,ALIMENTAIRE,2031-10-24
Perishable,Matin léger - Lait bio sans lactose,2.99,200,ALIMENTAIRE,2031-11-08
Perishable,Boisson à la Noix de Coco,2.49,1,ALIMENTAIRE,2031-12-22
Perishable,Boost - Liquide vaisselle Citron,2.49,1,PRODUIT_ENTRETIEN,2032-01-23
Perishable,Candy'Up - Lait arômatisé au Chocolat UHT,2.49,200,ALIMENTAIRE,2032-02-05
Perishable,Eau minérale naturelle,0.79,10,BOISSON,2032-03-10
Perishable,Thé vert au Citron bio,3.49,20,ALIMENTAIRE,2032-04-20
Perishable,Dolce Gusto - Capsules de Café Catuai Do Brasil,4.49,10,ALIMENTAIRE,2032-05-25
Perishable,Capsules de Café Ristretto,5.49,20,ALIMENTAIRE,2032-06-16
Perishable,Thé vert bio,3.49,20,ALIMENTAIRE,2032-08-30
Perishable,Café en grains,6.99,250,ALIMENTAIRE,2032-09-09
Perishable,Espresso - Capsules de Café Lungo,6.49,20,ALIMENTAIRE,2032-10-17
Perishable,Boisson à base de soja au Chocolat,2.49,1,ALIMENTAIRE,2032-11-06
Perishable,Douceur - Café moulu 100% Arabica,4.99,250,ALIMENTAIRE,2032-12-30
Perishable,Infusion Détox,3.49,20,ALIMENTAIRE,2033-01-21
Perishable,Dolce Gusto - Capsules de Café Preludio,4.99,10,ALIMENTAIRE,2033-02-19
Perishable,Powerball Tout en 1 Max - Tablettes lave-vaisselle,5.99,30,PRODUIT_ENTRETIEN,2033-03-05
Perishable,Produits vaisselle et mains Romarin,2.49,1,PRODUIT_ENTRETIEN,2033-04-02
Perishable,Point88 - Feutres pointe fine,1.99,5,PRODUIT_DE_BEAUTE,2033-05-13
Perishable,Kids - Twist Ergo - Recharges pour stylo bille bleu,3.99,5,Autre,2033-06-20
Perishable,Frixion Ball - Rollers encre gel effaçable noir bleu et rouge,2.99,5,Autre,2033-07-23
Perishable,Stylos bille multicouleurs,3.99,5,Autre,2033-08-13
Perishable,Carottes de Tilques Cat 1,1.29,10,LEGUME,2033-09-29
Perishable,Boisson à l'Amande et au Chocolat,2.49,1,ALIMENTAIRE,2033-11-17
Perishable,Velours - Café moulu pur Arabica,4.49,250,ALIMENTAIRE,2023-10-26
Perishable,Grand Mère - Dosettes Petit-déj',4.99,10,ALIMENTAIRE,2034-01-02
Perishable,Expresso - Café moulu intense pur Arabica,4.49,250,ALIMENTAIRE,2034-02-14
Perishable,Boisson au soja UHT,2.49,1,ALIMENTAIRE,2034-03-20
Perishable,Capsules de Café Espresso Roast,5.49,20,ALIMENTAIRE,2023-10-26
Perishable,Capsules de Café Colombia,5.49,20,ALIMENTAIRE,2034-05-27
Perishable,Chicorée torréfiée en Grains,3.99,100,ALIMENTAIRE,2023-10-26
Perishable,Capsules de Chocolat Dolce Gusto,4.99,10,ALIMENTAIRE,2034-07-21
Perishable,Liquide vaisselle Tradi Citron,2.49,1,PRODUIT_ENTRETIEN,2034-08-05
Perishable,Liquide vaisselle Vinaigre Framboise,2.49,1,PRODUIT_ENTRETIEN,2034-09-08
Perishable,Liquide vaisselle Vinaigre Pomme,2.49,1,PRODUIT_ENTRETIEN,2034-10-11
Perishable,Liquide vaisselle Anti-Bactérien,2.49,1,PRODUIT_ENTRETIEN,2023-10-26
Perishable,Liquide vaisselle Anti Odeur,2.49,1,PRODUIT_ENTRETIEN,2023-10-26
Imperishable,Stylo feutre bleu,1.49,5,Autre,null
Imperishable,Stylo feutre noir,1.49,5,Autre,null
Imperishable,Stylo feutre rouge,1.49,5,Autre,null
Imperishable,Bic Cristal - Stylo bille noir,1.49,5,Autre,null
Imperishable,Bic Cristal - Stylo bille rouge,1.49,5,Autre,null
Imperishable,Bic Cristal - Stylo bille vert,1.49,5,Autre,null
Imperishable,Inkjoy100 - Stylo bille bleu,1.99,5,Autre,null
Imperishable,Inkjoy100 - Stylo bille noir,1.99,5,Autre,null
Imperishable,Inkjoy100 - Stylo bille rouge,1.99,5,Autre,null
Imperishable,Inkjoy100 - Stylo bille vert,1.99,5,Autre,null
Imperishable,Bic Cristal Grip - Stylo bille bleu,1.99,5,Autre,null
Imperishable,Bic Cristal Grip - Stylo bille noir,1.99,5,Autre,null
Imperishable,Bic Cristal Grip - Stylo bille rouge,1.99,5,Autre,null
Imperishable,Bic Cristal Grip - Stylo bille vert,1.99,5,Autre,null
Imperishable,Inkjoy100 - Stylo bille bleu,1.99,100,Autre,null
Imperishable,Inkjoy100 - Stylo bille noir,1.99,75,Autre,null
Imperishable,Inkjoy100 - Stylo bille rouge,1.99,80,Autre,null
Imperishable,Inkjoy100 - Stylo bille vert,1.99,70,Autre,null
Imperishable,Bic Cristal Grip - Stylo bille bleu,0.99,150,Autre,null
Imperishable,Bic Cristal Grip - Stylo bille noir,0.99,120,Autre,null
Imperishable,Bic Cristal Grip - Stylo bille rouge,0.99,130,Autre,null
Imperishable,Bic Cristal Grip - Stylo bille vert,0.99,110,Autre,null
Imperishable,Stylo roller bleu,2.49,90,Autre,null
Imperishable,Stylo roller noir,2.49,85,Autre,null
Imperishable,Greenpoint - Feutre d'écriture noir,1.49,120,Autre,null
Imperishable,Greenpoint - Feutre d'écriture vert,1.49,110,Autre,null
Imperishable,Inkjoy 300 - Stylo rétractable bleu,2.29,70,Autre,null
Imperishable,Inkjoy 300 - Stylo rétractable noir,2.29,60,Autre,null
Imperishable,Inkjoy 300 - Stylo rétractable rouge,2.29,65,Autre,null
Imperishable,Nylon Flair - Stylo feutre bleu,1.79,100,Autre,null
Imperishable,Nylon Flair - Stylo feutre noir,1.79,90,Autre,null
Imperishable,Nylon Flair - Stylo feutre rouge,1.79,95,Autre,null
Imperishable,Nylon Flair - Stylo feutre vert,1.79,80,Autre,null
Imperishable,Stylo bille 4 couleurs,2.99,50,Autre,null
Imperishable,Atlantis - Stylo bille bleu,1.99,120,Autre,null
Imperishable,Atlantis - Stylo bille noir,1.99,110,Autre,null
Imperishable,Atlantis - Stylo bille rouge,1.99,115,Autre,null
Imperishable,Atlantis - Stylo bille vert,1.99,105,Autre,null
Imperishable,Stylist - Stylo feutre bleu,1.49,100,Autre,null
Imperishable,Stylist - Stylo feutre noir,1.49,90,Autre,null
Imperishable,Stylist - Stylo feutre rouge,1.49,95,Autre,null
Imperishable,G1-Grip 07 - Stylo bille à encre gel bleu,2.49,80,Autre,null
Imperishable,G1-Grip 07 - Stylo bille à encre gel noir,2.49,70,Autre,null
Imperishable,G1-Grip 07 - Stylo bille à encre gel rouge,2.49,75,Autre,null
Imperishable,G1-Grip 07 - Stylo bille à encre gel vert,2.49,65,Autre,null
Imperishable,Stylo plume bleu,3.99,40,Autre,null
Imperishable,B2P - Stylo bille bleu rechargeable,4.99,30,Autre,null
Imperishable,B2P - Stylo bille noir rechargeable,4.99,25,Autre,null
Imperishable,B2P - Stylo bille rouge rechargeable,4.99,27,Autre,null
Imperishable,B2P - Stylo bille vert rechargeable,4.99,23,Autre,null
Imperishable,Stylo plume - référence aléatoire,5.99,20,Autre,null
Imperishable,B2P - Stylo gel rétractable bleu,3.49,50,Autre,null
Imperishable,B2P - Roller encre gel rétractable noir,3.49,45,Autre,null
Imperishable,B2P - Stylo gel rétractable rouge,3.49,48,Autre,null
Imperishable,B2P - Stylo gel rétractable vert,3.49,42,Autre,null
Imperishable,G2 - Stylo bille rétractable bleu,2.79,60,Autre,null
Imperishable,G2 - Stylo bille rétractable noir,2.79,55,Autre,null
Imperishable,G2 - Stylo bille rétractable rouge,2.79,58,Autre,null
Imperishable,G2 - Stylo bille rétractable vert,2.79,52,Autre,null
Imperishable,Pilot V-Ball - Roller encre liquide bleue,3.29,45,Autre,null
Imperishable,Pilot V-Ball - Roller encre liquide noire,3.29,40,Autre,null
Imperishable,Pilot V-Ball - Roller encre liquide vert,3.29,43,Autre,null
Imperishable,Tubulaire V7 - Roller encre liquide bleue,3.49,35,Autre,null
Imperishable,Tubulaire V7 - Roller encre liquide noire,3.49,30,Autre,null
Imperishable,Tubulaire V7 - Roller encre liquide vert,3.49,33,Autre,null
Imperishable,Frixion - Roller encre gel effaçable bleu,2.99,70,Autre,null
Imperishable,Frixion - Roller encre gel effaçable noir,2.99,65,Autre,null
Imperishable,Frixion - Roller encre gel effaçable rouge,2.99,68,Autre,null
Imperishable,Frixion - Roller encre gel effaçable turquoise,2.99,62,Autre,null
Imperishable,Frixion - Roller encre gel effaçable vert,2.99,55,Autre,null
Imperishable,Inkjoy Grip - Stylo 4 couleurs,3.99,40,Autre,null
Imperishable,Easy Grip - Stylo plume bleu et blanc,4.49,30,Autre,null
Imperishable,Greenpoint - Feutres d'écriture,1.99,80,Autre,null
Imperishable,Easy Original Gaucher - Roller encre bleu pour gaucher,4.99,25,Autre,null
Imperishable,Easy Original Droitier - Roller encre bleu pour droitier,4.99,27,Autre,null
Imperishable,Nylon Flair - Stylos feutre nylon,1.79,100,Autre,null
Imperishable,Nylon Flair - Stylos feutre nylon,1.79,95,Autre,null
Imperishable,G2 Fun - Pochette de stylos bille pointe moyenne,9.99,10,Autre,null
Imperishable,Pilot V-Ball - Pochette de rollers à pointe métal,12.99,8,Autre,null
Imperishable,Tubulaire V7 - Pochette de stylos à encre liquide,10.99,10,Autre,null
Imperishable,Frixion Classique - Pochette de rollers effaçables,8.99,12,Autre,null
Imperishable,Frixion Fun - Pochette de rollers effaçables,8.99,11,Autre,null
Imperishable,Ordinateur portable,600,2,Informatique,null
Imperishable,Casque sans fil,50,5,Informatique;Electromenager,null
Perishable,Pommes,5,10,Alimentaire;Fruit,2023-03-10
Perishable,Carottes,3,8,Alimentaire;Legume,2023-03-11
Imperishable,"Livre ""1984"" de George Orwell",15,3,Livre,null
Perishable,Poulet,10,2,Alimentaire;Viande,2023-03-12
Imperishable,Chemise bleue,20,6,Vetement,null
Imperishable,Balle de football,8,12,Sport;Jouet,null
Perishable,Lait,2,4,Alimentaire;Produit laitier,2023-03-13
Imperishable,Détergent à lessive,7,7,Produit d'entretient,null
Perishable,Poisson frais,12,3,Alimentaire;Poisson,2023-03-14
Imperishable,Crème hydratante,15,10,Produit de beauté,null
Imperishable,Ordinateur portable,800,5,Informatique,null
Imperishable,Souris sans fil,30,10,Informatique;Electromenager,null
Imperishable,Aspirateur robot,200,3,Electromenager,null
Perishable,Pommes,10,20,Alimentaire;Fruit,2023-03-15
Perishable,Bananes,8,15,Alimentaire;Fruit,2023-03-16
Perishable,Carottes,5,12,Alimentaire;Legume,2023-03-17
Perishable,Tomates,7,10,Alimentaire;Legume,2023-03-18
Perishable,Poulet,12,8,Alimentaire;Viande,2023-03-19
Perishable,Poisson frais,20,5,Alimentaire;Poisson,2023-03-20
Perishable,Lait,3,15,Alimentaire;Produit laitier,2023-03-21
Perishable,Fromage,6,7,Alimentaire;Produit laitier,2023-03-22
Perishable,Pain,2,10,Alimentaire;Boulangerie,2023-03-23
Imperishable,"Livre ""Le Seigneur des Anneaux"" de J.R.R. Tolkien",12,20,Livre,null
Imperishable,"Livre ""Harry Potter à l'école des sorciers"" de J.K. Rowling",10,25,Livre,null
Imperishable,Chemise bleue,25,30,Vetement,null
Imperishable,Robe noire,35,20,Vetement,null
Imperishable,Balle de football,15,25,Sport;Jouet,null
Imperishable,Bouteille d'eau,1,50,Boisson,null
Perishable,Jus d'orange,4,15,Boisson,2023-03-24
Perishable,Pizza surgelée,7,10,Alimentaire,2023-03-25
Imperishable,Détergent à lessive,8,40,Produit d'entretient,null
Perishable,Savon,3,30,Produit d'entretient;Produit de beauté,2023-03-26
Imperishable,Crème hydratante,18,25,Produit de beauté,null
Imperishable,Brosse à dents,2,50,Produit d'entretient;Produit de beauté,null
Imperishable,Télévision LED,500,2,Electromenager,null
Imperishable,Machine à laver,350,3,Electromenager,null
Imperishable,Ordinateur de bureau,700,4,Informatique,null
Imperishable,Imprimante laser,150,6,Informatique;Electromenager,null
Perishable,Pommes de terre,6,15,Alimentaire;Legume,2023-03-27
Perishable,Brocolis,4,10,Alimentaire;Legume,2023-03-28
Perishable,Poulet rôti,10,5,Alimentaire;Viande,2023-03-29
Perishable,Poisson en conserve,5,8,Alimentaire;Poisson,2023-03-30
Perishable,Lait d'amande,3,12,Alimentaire;Boisson;Produit laitier,2023-03-31
Perishable,Salade verte,3,7,Alimentaire;Legume,2023-04-01
Perishable,Jambon,7,6,Alimentaire;Viande,2023-04-02
Imperishable,"Livre ""L'Étranger"" d'Albert Camus",8,20,Livre,null
Imperishable,"Livre ""1984"" de George Orwell",9,18,Livre,null
Imperishable,Chaussures de sport,40,15,Vetement;Sport,null
Imperishable,Chemise à rayures,25,20,Vetement,null
Perishable,Smoothie aux fruits,5,10,Alimentaire;Boisson,2023-04-03
Perishable,Biscuits au chocolat,3,25,Alimentaire;Boulangerie,2023-04-04
Imperishable,Balle de tennis,6,30,Sport;Jouet,null
Imperishable,Écouteurs sans fil,40,12,Informatique;Electromenager,null
Perishable,Jus de pomme,4,14,Alimentaire;Boisson,2023-04-05
Imperishable,"DVD ""Inception""",12,8,Film;Multimédia,null
Perishable,Crème glacée à la vanille,7,5,Alimentaire;Dessert,2023-04-06
Imperishable,Lunettes de soleil,15,18,Accessoire;Vetement,null
Imperishable,Clavier mécanique,80,6,Informatique,null
